Generations,Run0,Run1,Run2,Run3,Run4,Run5,Run6,Run7,Run8,Run9,Run10,Run11,Run12,Run13,Run14,Run15,Run16,Run17,Run18,Run19,Run20,Run21,Run22,Run23,Run24,Run25,Run26,Run27,Run28,Run29,Run30,Run31,Run32,Run33,Run34,Run35,Run36,Run37,Run38,Run39,ABF,StdDev
0,9.0,14.0,10.0,15.0,13.0,13.0,11.0,11.0,13.0,11.0,14.0,10.0,11.0,13.0,11.0,12.0,13.0,14.0,13.0,10.0,13.0,15.0,12.0,12.0,10.0,13.0,11.0,12.0,13.0,12.0,10.0,12.0,13.0,11.0,11.0,12.0,12.0,11.0,13.0,13.0,12.05,1.413
1,9.0,10.0,10.0,13.0,12.0,12.0,10.0,11.0,10.0,11.0,13.0,10.0,11.0,13.0,11.0,8.0,13.0,13.0,13.0,9.0,11.0,13.0,12.0,12.0,10.0,13.0,11.0,12.0,11.0,10.0,10.0,12.0,12.0,11.0,11.0,12.0,10.0,11.0,13.0,10.0,11.225,1.313
2,9.0,10.0,9.0,9.0,12.0,11.0,10.0,9.0,10.0,11.0,13.0,10.0,11.0,11.0,10.0,8.0,13.0,13.0,10.0,8.0,11.0,11.0,11.0,12.0,10.0,11.0,10.0,12.0,11.0,10.0,10.0,12.0,11.0,11.0,9.0,11.0,9.0,11.0,12.0,10.0,10.55,1.244
3,9.0,10.0,9.0,9.0,11.0,11.0,10.0,7.0,10.0,10.0,13.0,9.0,11.0,11.0,10.0,8.0,11.0,13.0,10.0,7.0,11.0,11.0,11.0,12.0,10.0,11.0,10.0,12.0,11.0,10.0,10.0,12.0,11.0,11.0,9.0,9.0,9.0,11.0,12.0,10.0,10.3,1.345
4,9.0,9.0,9.0,9.0,10.0,11.0,9.0,7.0,10.0,10.0,12.0,9.0,11.0,11.0,10.0,8.0,11.0,13.0,10.0,7.0,10.0,10.0,11.0,12.0,10.0,10.0,10.0,10.0,10.0,10.0,10.0,12.0,11.0,11.0,9.0,9.0,9.0,11.0,9.0,10.0,9.975,1.235
5,9.0,9.0,9.0,9.0,10.0,11.0,9.0,7.0,10.0,9.0,12.0,9.0,10.0,11.0,10.0,8.0,10.0,12.0,10.0,7.0,10.0,10.0,9.0,10.0,10.0,10.0,10.0,10.0,10.0,10.0,10.0,11.0,7.0,8.0,9.0,9.0,9.0,11.0,9.0,10.0,9.575,1.138
6,9.0,9.0,9.0,9.0,10.0,11.0,9.0,7.0,9.0,9.0,11.0,9.0,10.0,9.0,8.0,7.0,9.0,10.0,10.0,7.0,10.0,10.0,9.0,10.0,10.0,10.0,10.0,10.0,10.0,10.0,10.0,10.0,7.0,8.0,9.0,9.0,9.0,11.0,9.0,10.0,9.3,1.03
7,9.0,9.0,9.0,9.0,10.0,11.0,9.0,7.0,7.0,9.0,11.0,9.0,8.0,9.0,8.0,7.0,9.0,10.0,10.0,7.0,10.0,10.0,9.0,10.0,10.0,10.0,10.0,10.0,10.0,10.0,10.0,8.0,7.0,8.0,9.0,9.0,9.0,11.0,9.0,9.0,9.125,1.1
8,9.0,9.0,9.0,9.0,9.0,11.0,9.0,7.0,7.0,9.0,9.0,8.0,8.0,9.0,8.0,7.0,9.0,10.0,10.0,7.0,10.0,10.0,9.0,10.0,10.0,8.0,10.0,10.0,10.0,8.0,10.0,8.0,7.0,7.0,9.0,9.0,9.0,10.0,9.0,9.0,8.875,1.053
9,9.0,9.0,7.0,9.0,9.0,11.0,9.0,7.0,7.0,9.0,9.0,5.0,8.0,9.0,8.0,7.0,9.0,10.0,10.0,7.0,10.0,10.0,9.0,8.0,10.0,8.0,10.0,10.0,9.0,8.0,10.0,8.0,7.0,7.0,9.0,9.0,9.0,10.0,9.0,9.0,8.675,1.212
10,9.0,9.0,7.0,9.0,7.0,11.0,9.0,7.0,7.0,9.0,9.0,5.0,8.0,9.0,8.0,7.0,9.0,10.0,10.0,7.0,10.0,10.0,9.0,8.0,8.0,8.0,10.0,10.0,8.0,8.0,10.0,8.0,7.0,7.0,9.0,9.0,9.0,10.0,8.0,9.0,8.525,1.224
11,9.0,9.0,7.0,9.0,7.0,9.0,9.0,7.0,7.0,9.0,9.0,5.0,8.0,9.0,8.0,7.0,9.0,10.0,10.0,7.0,10.0,10.0,9.0,8.0,8.0,8.0,10.0,10.0,8.0,8.0,10.0,8.0,7.0,6.0,9.0,9.0,9.0,10.0,8.0,9.0,8.45,1.203
12,9.0,9.0,7.0,8.0,7.0,9.0,9.0,7.0,7.0,9.0,9.0,5.0,8.0,9.0,8.0,7.0,9.0,10.0,10.0,7.0,10.0,10.0,9.0,8.0,8.0,8.0,9.0,10.0,8.0,8.0,10.0,8.0,7.0,6.0,9.0,9.0,9.0,10.0,8.0,9.0,8.4,1.179
13,9.0,9.0,7.0,8.0,7.0,9.0,9.0,7.0,7.0,9.0,9.0,5.0,8.0,9.0,8.0,7.0,9.0,10.0,10.0,7.0,10.0,10.0,9.0,8.0,8.0,8.0,9.0,10.0,8.0,8.0,10.0,8.0,7.0,6.0,9.0,9.0,9.0,10.0,8.0,9.0,8.4,1.179
14,9.0,9.0,7.0,8.0,7.0,9.0,9.0,7.0,7.0,9.0,9.0,4.0,8.0,9.0,8.0,7.0,9.0,10.0,10.0,7.0,10.0,10.0,9.0,8.0,8.0,8.0,9.0,10.0,8.0,8.0,10.0,8.0,7.0,6.0,7.0,9.0,9.0,9.0,8.0,9.0,8.3,1.249
15,9.0,9.0,7.0,8.0,7.0,9.0,9.0,7.0,7.0,9.0,9.0,4.0,8.0,9.0,8.0,7.0,9.0,10.0,8.0,7.0,10.0,10.0,9.0,7.0,8.0,8.0,9.0,8.0,8.0,8.0,10.0,8.0,7.0,6.0,7.0,9.0,9.0,9.0,8.0,9.0,8.175,1.202
16,9.0,9.0,7.0,8.0,7.0,9.0,9.0,7.0,7.0,8.0,9.0,4.0,8.0,9.0,8.0,7.0,9.0,10.0,8.0,7.0,10.0,10.0,9.0,7.0,8.0,8.0,9.0,8.0,8.0,8.0,10.0,8.0,7.0,6.0,7.0,9.0,9.0,9.0,8.0,9.0,8.15,1.195
17,9.0,9.0,7.0,8.0,7.0,9.0,9.0,7.0,7.0,8.0,9.0,4.0,8.0,9.0,8.0,7.0,9.0,10.0,8.0,7.0,10.0,10.0,9.0,7.0,8.0,8.0,9.0,8.0,8.0,8.0,10.0,8.0,7.0,6.0,7.0,9.0,9.0,9.0,8.0,9.0,8.15,1.195
18,9.0,9.0,7.0,8.0,7.0,9.0,9.0,7.0,7.0,8.0,9.0,4.0,8.0,9.0,8.0,7.0,9.0,10.0,8.0,7.0,10.0,10.0,9.0,7.0,8.0,8.0,9.0,8.0,8.0,8.0,10.0,8.0,7.0,6.0,7.0,9.0,9.0,9.0,8.0,9.0,8.15,1.195
19,9.0,9.0,7.0,8.0,7.0,9.0,9.0,7.0,7.0,8.0,9.0,4.0,8.0,9.0,8.0,7.0,9.0,10.0,8.0,7.0,10.0,10.0,9.0,7.0,8.0,8.0,9.0,8.0,8.0,8.0,10.0,8.0,7.0,6.0,7.0,9.0,9.0,9.0,8.0,9.0,8.15,1.195
20,9.0,9.0,7.0,8.0,7.0,9.0,9.0,7.0,7.0,8.0,9.0,4.0,8.0,9.0,8.0,7.0,9.0,10.0,8.0,7.0,10.0,10.0,9.0,7.0,8.0,8.0,9.0,8.0,8.0,8.0,10.0,8.0,7.0,6.0,7.0,9.0,9.0,9.0,8.0,9.0,8.15,1.195
21,9.0,9.0,7.0,8.0,7.0,9.0,9.0,7.0,7.0,8.0,9.0,4.0,8.0,9.0,8.0,7.0,9.0,10.0,8.0,7.0,10.0,10.0,9.0,7.0,8.0,8.0,9.0,8.0,8.0,8.0,10.0,8.0,7.0,6.0,7.0,9.0,9.0,7.0,8.0,9.0,8.1,1.2
22,9.0,9.0,7.0,8.0,7.0,9.0,9.0,7.0,7.0,8.0,9.0,4.0,8.0,9.0,8.0,7.0,9.0,10.0,8.0,7.0,10.0,9.0,9.0,7.0,8.0,8.0,9.0,8.0,8.0,8.0,10.0,8.0,7.0,6.0,7.0,9.0,9.0,7.0,8.0,9.0,8.075,1.17
23,9.0,9.0,7.0,8.0,7.0,9.0,9.0,7.0,7.0,8.0,9.0,4.0,8.0,9.0,8.0,7.0,9.0,10.0,8.0,7.0,10.0,9.0,9.0,7.0,8.0,8.0,9.0,8.0,8.0,8.0,10.0,8.0,7.0,6.0,7.0,9.0,9.0,7.0,8.0,9.0,8.075,1.17
24,9.0,9.0,7.0,8.0,7.0,9.0,9.0,7.0,7.0,8.0,9.0,4.0,8.0,9.0,8.0,7.0,9.0,10.0,8.0,7.0,10.0,9.0,9.0,7.0,8.0,8.0,9.0,8.0,8.0,8.0,8.0,8.0,7.0,6.0,7.0,8.0,9.0,7.0,8.0,9.0,8.0,1.118
25,9.0,9.0,7.0,8.0,7.0,9.0,9.0,7.0,7.0,8.0,9.0,4.0,8.0,9.0,8.0,7.0,9.0,10.0,8.0,7.0,10.0,9.0,9.0,7.0,8.0,8.0,9.0,8.0,8.0,8.0,8.0,8.0,7.0,6.0,7.0,8.0,9.0,7.0,8.0,9.0,8.0,1.118
26,9.0,9.0,7.0,8.0,7.0,9.0,9.0,7.0,7.0,8.0,9.0,4.0,8.0,9.0,8.0,7.0,9.0,10.0,8.0,7.0,10.0,8.0,9.0,7.0,8.0,8.0,9.0,8.0,8.0,8.0,8.0,8.0,7.0,6.0,7.0,8.0,9.0,7.0,8.0,9.0,7.975,1.107
27,9.0,9.0,7.0,8.0,7.0,9.0,9.0,7.0,7.0,8.0,9.0,4.0,8.0,9.0,8.0,7.0,9.0,10.0,8.0,7.0,10.0,8.0,9.0,7.0,8.0,8.0,9.0,8.0,8.0,8.0,8.0,8.0,7.0,6.0,7.0,8.0,9.0,7.0,8.0,9.0,7.975,1.107
28,9.0,9.0,7.0,8.0,7.0,9.0,9.0,7.0,7.0,8.0,9.0,4.0,7.0,9.0,8.0,7.0,9.0,10.0,8.0,7.0,10.0,8.0,9.0,7.0,8.0,8.0,9.0,8.0,8.0,8.0,8.0,8.0,7.0,6.0,7.0,8.0,9.0,7.0,8.0,9.0,7.95,1.117
29,9.0,9.0,7.0,8.0,7.0,7.0,9.0,7.0,7.0,8.0,9.0,4.0,7.0,9.0,8.0,7.0,9.0,10.0,8.0,7.0,10.0,8.0,9.0,7.0,8.0,8.0,9.0,8.0,8.0,8.0,8.0,8.0,7.0,6.0,7.0,8.0,9.0,7.0,8.0,9.0,7.9,1.114
30,9.0,9.0,7.0,8.0,7.0,7.0,9.0,7.0,7.0,8.0,8.0,4.0,7.0,9.0,8.0,7.0,9.0,10.0,8.0,7.0,10.0,8.0,9.0,7.0,8.0,8.0,9.0,8.0,8.0,8.0,8.0,8.0,7.0,6.0,7.0,8.0,9.0,7.0,8.0,9.0,7.875,1.1
31,9.0,9.0,7.0,8.0,7.0,7.0,9.0,7.0,7.0,8.0,8.0,4.0,7.0,9.0,8.0,7.0,9.0,10.0,8.0,7.0,10.0,8.0,9.0,7.0,8.0,8.0,9.0,8.0,8.0,8.0,8.0,8.0,7.0,6.0,7.0,8.0,9.0,7.0,8.0,9.0,7.875,1.1
32,9.0,9.0,7.0,8.0,7.0,7.0,9.0,7.0,7.0,8.0,8.0,4.0,7.0,9.0,8.0,7.0,9.0,10.0,8.0,7.0,10.0,8.0,9.0,7.0,8.0,8.0,9.0,8.0,8.0,8.0,8.0,8.0,7.0,6.0,7.0,8.0,9.0,7.0,8.0,9.0,7.875,1.1
33,9.0,9.0,7.0,8.0,7.0,7.0,9.0,7.0,7.0,8.0,8.0,4.0,7.0,9.0,8.0,7.0,9.0,10.0,8.0,7.0,9.0,8.0,9.0,7.0,8.0,8.0,9.0,8.0,8.0,8.0,8.0,8.0,7.0,6.0,7.0,8.0,9.0,7.0,8.0,9.0,7.85,1.062
34,9.0,9.0,7.0,8.0,7.0,7.0,9.0,7.0,7.0,8.0,8.0,4.0,7.0,9.0,8.0,7.0,9.0,10.0,8.0,7.0,9.0,8.0,9.0,7.0,8.0,8.0,9.0,8.0,8.0,8.0,8.0,8.0,7.0,6.0,7.0,8.0,9.0,7.0,8.0,9.0,7.85,1.062
35,9.0,9.0,7.0,8.0,7.0,7.0,9.0,7.0,7.0,8.0,8.0,4.0,7.0,9.0,8.0,7.0,9.0,10.0,8.0,7.0,9.0,8.0,9.0,7.0,8.0,8.0,9.0,8.0,8.0,8.0,8.0,8.0,7.0,6.0,7.0,8.0,9.0,7.0,8.0,9.0,7.85,1.062
36,9.0,9.0,7.0,8.0,7.0,7.0,9.0,7.0,7.0,8.0,8.0,4.0,7.0,9.0,8.0,7.0,9.0,10.0,8.0,7.0,9.0,8.0,9.0,7.0,8.0,8.0,9.0,8.0,8.0,8.0,8.0,8.0,7.0,6.0,7.0,8.0,9.0,7.0,8.0,9.0,7.85,1.062
37,9.0,9.0,7.0,8.0,7.0,7.0,9.0,7.0,7.0,8.0,8.0,4.0,7.0,9.0,8.0,7.0,9.0,10.0,8.0,7.0,9.0,8.0,9.0,7.0,8.0,8.0,9.0,8.0,8.0,8.0,8.0,8.0,7.0,6.0,7.0,8.0,9.0,7.0,8.0,9.0,7.85,1.062
38,9.0,9.0,7.0,8.0,7.0,7.0,9.0,7.0,7.0,8.0,8.0,4.0,7.0,9.0,8.0,7.0,9.0,10.0,8.0,7.0,9.0,8.0,9.0,7.0,8.0,8.0,9.0,8.0,8.0,8.0,8.0,8.0,7.0,6.0,7.0,8.0,9.0,7.0,8.0,9.0,7.85,1.062
39,9.0,9.0,7.0,8.0,7.0,7.0,9.0,7.0,7.0,8.0,8.0,4.0,7.0,9.0,8.0,7.0,9.0,10.0,8.0,7.0,9.0,8.0,9.0,7.0,8.0,8.0,9.0,8.0,8.0,8.0,8.0,8.0,7.0,6.0,7.0,8.0,9.0,7.0,8.0,9.0,7.85,1.062
40,9.0,9.0,7.0,8.0,7.0,7.0,9.0,7.0,7.0,8.0,8.0,4.0,7.0,9.0,8.0,7.0,9.0,10.0,8.0,7.0,9.0,8.0,9.0,7.0,8.0,8.0,9.0,8.0,8.0,8.0,8.0,8.0,7.0,6.0,7.0,8.0,9.0,7.0,8.0,9.0,7.85,1.062
41,9.0,9.0,7.0,8.0,7.0,7.0,9.0,7.0,7.0,8.0,8.0,4.0,7.0,9.0,8.0,7.0,9.0,10.0,8.0,7.0,9.0,8.0,9.0,7.0,8.0,8.0,9.0,8.0,8.0,8.0,8.0,8.0,7.0,6.0,7.0,8.0,9.0,7.0,8.0,9.0,7.85,1.062
42,9.0,9.0,7.0,8.0,7.0,7.0,9.0,7.0,7.0,8.0,8.0,4.0,7.0,9.0,8.0,7.0,9.0,10.0,8.0,7.0,9.0,8.0,9.0,7.0,8.0,8.0,9.0,8.0,8.0,8.0,8.0,8.0,7.0,6.0,7.0,8.0,9.0,7.0,8.0,9.0,7.85,1.062
43,9.0,9.0,7.0,8.0,7.0,7.0,9.0,7.0,7.0,8.0,8.0,4.0,7.0,9.0,8.0,7.0,9.0,10.0,8.0,7.0,9.0,8.0,9.0,7.0,8.0,8.0,9.0,8.0,8.0,8.0,8.0,8.0,7.0,6.0,7.0,8.0,9.0,7.0,8.0,9.0,7.85,1.062
44,9.0,9.0,7.0,8.0,7.0,7.0,9.0,7.0,7.0,8.0,8.0,4.0,7.0,9.0,8.0,7.0,9.0,10.0,8.0,7.0,9.0,8.0,9.0,7.0,8.0,8.0,9.0,8.0,8.0,8.0,8.0,8.0,7.0,5.0,7.0,8.0,9.0,7.0,8.0,9.0,7.825,1.116
45,9.0,9.0,7.0,8.0,7.0,7.0,9.0,7.0,7.0,8.0,8.0,4.0,7.0,9.0,8.0,7.0,9.0,10.0,8.0,7.0,9.0,8.0,9.0,7.0,8.0,8.0,9.0,8.0,8.0,8.0,8.0,8.0,7.0,5.0,7.0,8.0,9.0,7.0,8.0,9.0,7.825,1.116
46,9.0,9.0,7.0,8.0,7.0,7.0,9.0,7.0,7.0,8.0,8.0,4.0,7.0,9.0,8.0,7.0,9.0,10.0,8.0,7.0,9.0,8.0,9.0,7.0,8.0,8.0,9.0,8.0,8.0,8.0,8.0,8.0,7.0,5.0,7.0,8.0,9.0,7.0,8.0,9.0,7.825,1.116
47,9.0,9.0,7.0,8.0,7.0,7.0,9.0,7.0,7.0,8.0,8.0,4.0,7.0,9.0,8.0,7.0,9.0,10.0,8.0,7.0,9.0,8.0,9.0,7.0,8.0,8.0,9.0,8.0,8.0,8.0,8.0,8.0,7.0,5.0,7.0,8.0,9.0,7.0,8.0,9.0,7.825,1.116
48,9.0,9.0,7.0,8.0,7.0,7.0,9.0,7.0,7.0,8.0,8.0,4.0,7.0,9.0,8.0,7.0,9.0,10.0,8.0,7.0,9.0,8.0,9.0,7.0,8.0,8.0,9.0,8.0,8.0,8.0,8.0,8.0,7.0,5.0,7.0,8.0,9.0,7.0,8.0,9.0,7.825,1.116
49,9.0,9.0,7.0,8.0,7.0,7.0,9.0,7.0,7.0,8.0,8.0,4.0,7.0,9.0,8.0,7.0,9.0,10.0,8.0,7.0,9.0,8.0,9.0,7.0,8.0,8.0,9.0,8.0,8.0,8.0,8.0,8.0,7.0,5.0,7.0,8.0,9.0,7.0,8.0,9.0,7.825,1.116
50,9.0,9.0,7.0,8.0,7.0,7.0,9.0,7.0,7.0,8.0,8.0,4.0,7.0,9.0,8.0,7.0,9.0,10.0,8.0,7.0,9.0,8.0,9.0,7.0,8.0,8.0,9.0,8.0,8.0,8.0,8.0,8.0,7.0,5.0,7.0,8.0,9.0,7.0,8.0,9.0,7.825,1.116
51,9.0,9.0,7.0,8.0,7.0,7.0,9.0,7.0,7.0,8.0,8.0,4.0,7.0,9.0,8.0,7.0,9.0,10.0,8.0,7.0,9.0,8.0,9.0,7.0,8.0,8.0,9.0,8.0,8.0,8.0,8.0,8.0,7.0,5.0,7.0,8.0,9.0,7.0,8.0,9.0,7.825,1.116
52,9.0,9.0,7.0,8.0,5.0,7.0,9.0,7.0,7.0,8.0,8.0,4.0,7.0,9.0,8.0,7.0,9.0,10.0,8.0,7.0,9.0,8.0,9.0,7.0,8.0,8.0,9.0,8.0,8.0,8.0,8.0,8.0,7.0,5.0,7.0,8.0,9.0,7.0,8.0,9.0,7.775,1.193
53,9.0,9.0,7.0,8.0,5.0,7.0,9.0,7.0,7.0,8.0,8.0,4.0,7.0,9.0,8.0,7.0,9.0,10.0,8.0,7.0,9.0,8.0,9.0,7.0,8.0,8.0,9.0,8.0,8.0,8.0,8.0,8.0,7.0,5.0,7.0,8.0,9.0,7.0,8.0,9.0,7.775,1.193
54,9.0,9.0,7.0,8.0,5.0,7.0,9.0,7.0,7.0,8.0,8.0,4.0,7.0,9.0,8.0,7.0,9.0,10.0,8.0,7.0,9.0,8.0,9.0,7.0,8.0,8.0,9.0,8.0,8.0,8.0,8.0,8.0,7.0,5.0,7.0,8.0,9.0,7.0,8.0,9.0,7.775,1.193
55,9.0,9.0,7.0,8.0,5.0,7.0,9.0,7.0,7.0,8.0,8.0,4.0,7.0,9.0,8.0,7.0,9.0,10.0,8.0,7.0,9.0,8.0,9.0,7.0,8.0,8.0,9.0,8.0,8.0,8.0,8.0,8.0,7.0,5.0,7.0,8.0,9.0,7.0,8.0,9.0,7.775,1.193
56,9.0,9.0,7.0,8.0,5.0,7.0,9.0,7.0,7.0,8.0,8.0,4.0,7.0,9.0,8.0,7.0,9.0,10.0,8.0,7.0,9.0,8.0,9.0,7.0,8.0,8.0,9.0,8.0,8.0,8.0,8.0,8.0,7.0,5.0,7.0,8.0,9.0,7.0,8.0,9.0,7.775,1.193
57,9.0,9.0,7.0,8.0,5.0,7.0,9.0,7.0,7.0,8.0,8.0,4.0,7.0,9.0,8.0,7.0,9.0,10.0,8.0,7.0,9.0,7.0,9.0,7.0,8.0,8.0,9.0,8.0,8.0,8.0,8.0,8.0,7.0,5.0,7.0,8.0,9.0,7.0,8.0,9.0,7.75,1.199
58,9.0,9.0,7.0,8.0,5.0,7.0,9.0,7.0,7.0,8.0,8.0,4.0,7.0,9.0,8.0,7.0,9.0,10.0,8.0,7.0,9.0,7.0,9.0,7.0,8.0,8.0,9.0,8.0,8.0,8.0,8.0,8.0,7.0,5.0,7.0,8.0,9.0,7.0,8.0,9.0,7.75,1.199
59,9.0,9.0,7.0,8.0,5.0,7.0,9.0,7.0,7.0,8.0,8.0,4.0,7.0,9.0,8.0,7.0,9.0,10.0,8.0,7.0,9.0,7.0,9.0,7.0,8.0,8.0,9.0,8.0,8.0,8.0,8.0,8.0,7.0,5.0,7.0,8.0,9.0,7.0,8.0,9.0,7.75,1.199
60,9.0,9.0,7.0,8.0,5.0,7.0,9.0,7.0,7.0,8.0,8.0,4.0,7.0,9.0,8.0,7.0,9.0,10.0,8.0,7.0,9.0,7.0,9.0,7.0,8.0,8.0,9.0,8.0,8.0,8.0,8.0,8.0,7.0,5.0,7.0,8.0,9.0,7.0,8.0,9.0,7.75,1.199
61,9.0,9.0,7.0,8.0,5.0,7.0,9.0,7.0,7.0,8.0,8.0,4.0,7.0,9.0,8.0,7.0,7.0,10.0,8.0,7.0,9.0,7.0,9.0,7.0,8.0,8.0,9.0,8.0,8.0,8.0,8.0,8.0,7.0,5.0,7.0,8.0,9.0,7.0,8.0,9.0,7.7,1.187
62,9.0,9.0,7.0,8.0,5.0,7.0,9.0,7.0,7.0,8.0,8.0,4.0,7.0,9.0,8.0,7.0,7.0,10.0,8.0,7.0,9.0,7.0,9.0,7.0,8.0,8.0,9.0,8.0,8.0,8.0,8.0,8.0,7.0,5.0,7.0,8.0,9.0,7.0,8.0,9.0,7.7,1.187
63,9.0,9.0,7.0,8.0,5.0,7.0,9.0,7.0,7.0,8.0,8.0,4.0,7.0,9.0,8.0,7.0,7.0,10.0,8.0,7.0,9.0,7.0,9.0,7.0,8.0,8.0,9.0,8.0,8.0,8.0,8.0,8.0,7.0,5.0,7.0,8.0,9.0,7.0,8.0,9.0,7.7,1.187
64,9.0,9.0,7.0,8.0,5.0,7.0,9.0,7.0,7.0,8.0,8.0,4.0,7.0,9.0,8.0,7.0,7.0,10.0,8.0,7.0,9.0,7.0,9.0,7.0,8.0,8.0,9.0,8.0,8.0,8.0,8.0,8.0,7.0,5.0,7.0,8.0,9.0,7.0,8.0,9.0,7.7,1.187
65,9.0,9.0,7.0,8.0,5.0,7.0,9.0,7.0,7.0,8.0,8.0,4.0,7.0,9.0,8.0,7.0,7.0,10.0,8.0,7.0,9.0,7.0,9.0,7.0,8.0,8.0,9.0,8.0,8.0,8.0,8.0,8.0,7.0,5.0,7.0,8.0,9.0,7.0,8.0,9.0,7.7,1.187
66,9.0,9.0,7.0,8.0,5.0,7.0,9.0,7.0,7.0,8.0,8.0,4.0,7.0,9.0,8.0,7.0,7.0,10.0,8.0,7.0,9.0,7.0,9.0,7.0,8.0,8.0,9.0,8.0,8.0,8.0,8.0,8.0,7.0,5.0,7.0,8.0,9.0,7.0,8.0,9.0,7.7,1.187
67,9.0,9.0,7.0,8.0,5.0,7.0,9.0,7.0,7.0,8.0,8.0,4.0,7.0,9.0,8.0,7.0,7.0,10.0,8.0,7.0,9.0,7.0,9.0,7.0,8.0,8.0,9.0,8.0,8.0,8.0,8.0,8.0,7.0,5.0,7.0,8.0,9.0,7.0,8.0,9.0,7.7,1.187
68,9.0,9.0,7.0,8.0,5.0,7.0,9.0,7.0,7.0,8.0,8.0,4.0,7.0,9.0,8.0,7.0,7.0,10.0,8.0,7.0,9.0,7.0,9.0,7.0,8.0,8.0,9.0,8.0,8.0,8.0,8.0,8.0,7.0,5.0,7.0,8.0,9.0,7.0,8.0,9.0,7.7,1.187
69,9.0,9.0,7.0,8.0,5.0,7.0,9.0,7.0,7.0,8.0,8.0,4.0,7.0,9.0,8.0,7.0,7.0,10.0,8.0,7.0,9.0,7.0,9.0,7.0,8.0,8.0,9.0,8.0,8.0,8.0,8.0,8.0,7.0,5.0,7.0,8.0,9.0,7.0,8.0,9.0,7.7,1.187
70,9.0,9.0,7.0,8.0,5.0,7.0,9.0,7.0,7.0,8.0,8.0,4.0,7.0,9.0,8.0,7.0,7.0,10.0,8.0,7.0,9.0,7.0,9.0,7.0,8.0,8.0,9.0,8.0,8.0,8.0,8.0,8.0,7.0,5.0,7.0,8.0,9.0,7.0,8.0,9.0,7.7,1.187
71,9.0,9.0,7.0,8.0,5.0,7.0,9.0,7.0,7.0,8.0,8.0,4.0,7.0,9.0,8.0,7.0,7.0,10.0,8.0,7.0,9.0,7.0,9.0,7.0,8.0,8.0,9.0,8.0,8.0,8.0,8.0,8.0,7.0,5.0,7.0,8.0,9.0,7.0,8.0,9.0,7.7,1.187
72,9.0,9.0,7.0,8.0,5.0,7.0,9.0,7.0,7.0,8.0,8.0,4.0,7.0,9.0,8.0,7.0,7.0,10.0,8.0,7.0,9.0,7.0,9.0,7.0,8.0,8.0,9.0,8.0,8.0,8.0,8.0,8.0,7.0,5.0,7.0,8.0,9.0,7.0,8.0,9.0,7.7,1.187
73,9.0,9.0,7.0,8.0,5.0,7.0,9.0,7.0,7.0,8.0,8.0,4.0,7.0,9.0,8.0,7.0,7.0,10.0,8.0,7.0,9.0,7.0,9.0,7.0,8.0,8.0,9.0,8.0,8.0,8.0,8.0,8.0,7.0,5.0,7.0,8.0,9.0,7.0,8.0,9.0,7.7,1.187
74,9.0,9.0,7.0,8.0,5.0,7.0,9.0,7.0,7.0,8.0,8.0,4.0,7.0,9.0,8.0,7.0,7.0,10.0,8.0,7.0,9.0,7.0,9.0,7.0,8.0,8.0,9.0,8.0,8.0,8.0,8.0,8.0,7.0,5.0,7.0,8.0,9.0,7.0,8.0,9.0,7.7,1.187
75,9.0,9.0,7.0,8.0,5.0,7.0,9.0,7.0,7.0,8.0,8.0,4.0,7.0,9.0,8.0,7.0,7.0,10.0,8.0,7.0,9.0,7.0,9.0,7.0,8.0,8.0,9.0,8.0,8.0,8.0,8.0,8.0,7.0,5.0,7.0,8.0,9.0,7.0,8.0,9.0,7.7,1.187
76,9.0,9.0,7.0,8.0,5.0,7.0,9.0,7.0,7.0,8.0,8.0,4.0,7.0,9.0,8.0,7.0,7.0,10.0,8.0,7.0,9.0,7.0,9.0,7.0,8.0,7.0,9.0,8.0,8.0,8.0,8.0,8.0,7.0,5.0,7.0,8.0,9.0,7.0,8.0,9.0,7.675,1.191
77,9.0,9.0,7.0,8.0,5.0,7.0,9.0,7.0,7.0,8.0,8.0,4.0,7.0,9.0,8.0,7.0,7.0,10.0,8.0,7.0,9.0,7.0,9.0,7.0,8.0,7.0,9.0,8.0,8.0,8.0,8.0,8.0,7.0,5.0,7.0,8.0,9.0,7.0,8.0,9.0,7.675,1.191
78,9.0,9.0,7.0,8.0,5.0,7.0,9.0,7.0,7.0,8.0,8.0,4.0,7.0,9.0,8.0,7.0,7.0,10.0,8.0,7.0,9.0,7.0,9.0,7.0,8.0,7.0,9.0,8.0,8.0,8.0,8.0,8.0,7.0,5.0,7.0,8.0,9.0,7.0,8.0,9.0,7.675,1.191
79,9.0,9.0,7.0,8.0,5.0,7.0,9.0,7.0,7.0,8.0,8.0,4.0,7.0,9.0,8.0,7.0,7.0,10.0,8.0,7.0,9.0,7.0,9.0,7.0,8.0,7.0,9.0,8.0,8.0,8.0,8.0,8.0,7.0,5.0,7.0,8.0,9.0,7.0,8.0,9.0,7.675,1.191
80,9.0,9.0,7.0,8.0,5.0,7.0,9.0,7.0,7.0,8.0,8.0,4.0,7.0,9.0,8.0,7.0,7.0,10.0,8.0,7.0,9.0,7.0,9.0,7.0,8.0,7.0,9.0,8.0,8.0,8.0,8.0,8.0,7.0,5.0,7.0,8.0,9.0,7.0,8.0,9.0,7.675,1.191
81,9.0,9.0,7.0,8.0,5.0,7.0,9.0,7.0,7.0,8.0,8.0,4.0,7.0,9.0,8.0,7.0,7.0,10.0,8.0,7.0,9.0,7.0,9.0,7.0,8.0,7.0,9.0,8.0,8.0,8.0,8.0,8.0,7.0,5.0,7.0,8.0,9.0,7.0,8.0,9.0,7.675,1.191
82,9.0,9.0,7.0,8.0,5.0,7.0,9.0,7.0,7.0,8.0,8.0,4.0,7.0,9.0,8.0,7.0,7.0,10.0,8.0,7.0,9.0,7.0,9.0,7.0,8.0,7.0,9.0,8.0,8.0,8.0,8.0,8.0,7.0,5.0,7.0,8.0,9.0,7.0,8.0,9.0,7.675,1.191
83,9.0,9.0,7.0,8.0,5.0,7.0,9.0,7.0,7.0,8.0,8.0,4.0,7.0,9.0,8.0,7.0,7.0,10.0,8.0,7.0,9.0,7.0,9.0,7.0,8.0,7.0,9.0,8.0,8.0,8.0,8.0,8.0,7.0,5.0,7.0,8.0,9.0,7.0,8.0,9.0,7.675,1.191
84,9.0,9.0,7.0,8.0,5.0,7.0,9.0,7.0,7.0,8.0,8.0,4.0,7.0,9.0,8.0,7.0,7.0,10.0,8.0,7.0,9.0,7.0,9.0,6.0,8.0,7.0,9.0,8.0,8.0,8.0,8.0,8.0,7.0,5.0,7.0,8.0,9.0,7.0,8.0,9.0,7.65,1.216
85,9.0,9.0,7.0,8.0,5.0,7.0,9.0,7.0,7.0,8.0,8.0,4.0,7.0,9.0,8.0,7.0,7.0,10.0,8.0,7.0,9.0,7.0,9.0,6.0,8.0,7.0,9.0,8.0,8.0,8.0,8.0,8.0,7.0,5.0,7.0,8.0,9.0,7.0,8.0,9.0,7.65,1.216
86,9.0,9.0,7.0,8.0,5.0,7.0,9.0,7.0,7.0,8.0,8.0,4.0,7.0,9.0,8.0,7.0,7.0,10.0,8.0,7.0,9.0,7.0,9.0,6.0,8.0,7.0,9.0,8.0,8.0,8.0,8.0,8.0,7.0,5.0,7.0,8.0,9.0,7.0,8.0,9.0,7.65,1.216
87,9.0,9.0,7.0,8.0,5.0,7.0,9.0,7.0,7.0,7.0,8.0,4.0,7.0,9.0,8.0,7.0,7.0,10.0,8.0,7.0,9.0,7.0,9.0,6.0,8.0,7.0,9.0,8.0,8.0,8.0,8.0,8.0,7.0,5.0,7.0,8.0,9.0,7.0,8.0,9.0,7.625,1.218
88,9.0,9.0,7.0,8.0,5.0,7.0,9.0,7.0,7.0,7.0,8.0,4.0,7.0,9.0,8.0,7.0,7.0,10.0,8.0,7.0,9.0,7.0,9.0,6.0,8.0,7.0,9.0,8.0,8.0,8.0,8.0,8.0,7.0,5.0,7.0,8.0,9.0,7.0,8.0,9.0,7.625,1.218
89,9.0,9.0,7.0,8.0,5.0,7.0,9.0,7.0,7.0,7.0,8.0,4.0,7.0,9.0,8.0,7.0,7.0,10.0,8.0,7.0,9.0,7.0,9.0,6.0,8.0,7.0,9.0,8.0,8.0,8.0,8.0,8.0,7.0,5.0,7.0,8.0,9.0,7.0,8.0,9.0,7.625,1.218
90,9.0,9.0,7.0,8.0,5.0,7.0,9.0,7.0,7.0,7.0,8.0,4.0,7.0,9.0,8.0,7.0,7.0,10.0,8.0,7.0,9.0,7.0,9.0,6.0,8.0,7.0,9.0,8.0,8.0,8.0,8.0,8.0,7.0,5.0,7.0,8.0,9.0,7.0,8.0,9.0,7.625,1.218
91,9.0,9.0,7.0,8.0,5.0,7.0,9.0,7.0,7.0,7.0,8.0,4.0,7.0,9.0,8.0,7.0,7.0,10.0,8.0,7.0,9.0,7.0,9.0,6.0,8.0,7.0,9.0,8.0,8.0,8.0,8.0,8.0,7.0,5.0,7.0,8.0,9.0,7.0,8.0,9.0,7.625,1.218
92,9.0,9.0,7.0,8.0,5.0,7.0,9.0,7.0,7.0,7.0,8.0,4.0,7.0,9.0,8.0,7.0,7.0,10.0,8.0,7.0,9.0,7.0,9.0,6.0,8.0,7.0,9.0,8.0,8.0,8.0,8.0,8.0,7.0,5.0,7.0,8.0,9.0,7.0,8.0,9.0,7.625,1.218
93,9.0,9.0,7.0,8.0,5.0,7.0,9.0,7.0,7.0,7.0,8.0,4.0,7.0,9.0,8.0,7.0,7.0,10.0,8.0,7.0,9.0,7.0,9.0,6.0,8.0,7.0,9.0,8.0,8.0,8.0,8.0,8.0,7.0,5.0,7.0,8.0,9.0,7.0,8.0,9.0,7.625,1.218
94,9.0,9.0,7.0,8.0,5.0,7.0,9.0,7.0,7.0,7.0,8.0,4.0,7.0,9.0,8.0,7.0,7.0,10.0,8.0,7.0,9.0,7.0,9.0,6.0,8.0,7.0,9.0,8.0,8.0,8.0,8.0,8.0,7.0,5.0,7.0,8.0,9.0,7.0,8.0,9.0,7.625,1.218
95,9.0,9.0,7.0,8.0,5.0,7.0,9.0,7.0,7.0,7.0,8.0,4.0,7.0,9.0,8.0,7.0,7.0,10.0,8.0,7.0,9.0,7.0,9.0,6.0,8.0,7.0,9.0,8.0,8.0,8.0,8.0,8.0,7.0,5.0,7.0,8.0,9.0,7.0,8.0,9.0,7.625,1.218
96,9.0,9.0,7.0,8.0,5.0,7.0,9.0,7.0,7.0,7.0,8.0,4.0,7.0,9.0,8.0,7.0,7.0,10.0,8.0,7.0,9.0,7.0,9.0,6.0,8.0,7.0,9.0,8.0,8.0,8.0,8.0,8.0,7.0,5.0,7.0,8.0,9.0,7.0,8.0,9.0,7.625,1.218
97,9.0,9.0,7.0,8.0,5.0,7.0,9.0,7.0,7.0,7.0,8.0,4.0,7.0,9.0,8.0,7.0,7.0,10.0,8.0,7.0,9.0,7.0,9.0,6.0,8.0,7.0,9.0,8.0,8.0,8.0,8.0,8.0,7.0,5.0,7.0,8.0,9.0,7.0,8.0,9.0,7.625,1.218
98,9.0,9.0,7.0,8.0,5.0,7.0,9.0,7.0,7.0,7.0,8.0,4.0,7.0,9.0,8.0,7.0,7.0,10.0,8.0,7.0,9.0,7.0,9.0,6.0,8.0,7.0,9.0,8.0,8.0,8.0,8.0,8.0,7.0,5.0,7.0,7.0,9.0,7.0,8.0,9.0,7.6,1.221
99,9.0,9.0,7.0,8.0,5.0,7.0,9.0,7.0,7.0,7.0,8.0,4.0,7.0,9.0,8.0,7.0,7.0,10.0,8.0,7.0,9.0,7.0,9.0,6.0,8.0,7.0,9.0,8.0,8.0,8.0,8.0,8.0,7.0,5.0,7.0,7.0,9.0,7.0,8.0,9.0,7.6,1.221
100,9.0,9.0,7.0,8.0,5.0,7.0,9.0,7.0,7.0,7.0,8.0,4.0,7.0,9.0,8.0,7.0,7.0,10.0,8.0,7.0,9.0,7.0,9.0,6.0,8.0,7.0,9.0,8.0,8.0,8.0,8.0,8.0,7.0,5.0,7.0,7.0,9.0,7.0,8.0,9.0,7.6,1.221
101,9.0,9.0,7.0,8.0,5.0,7.0,9.0,7.0,7.0,7.0,8.0,4.0,7.0,9.0,8.0,7.0,7.0,10.0,8.0,7.0,9.0,7.0,9.0,6.0,8.0,7.0,9.0,8.0,8.0,8.0,8.0,8.0,7.0,5.0,7.0,7.0,9.0,7.0,8.0,9.0,7.6,1.221
102,9.0,9.0,7.0,8.0,5.0,7.0,9.0,7.0,7.0,7.0,8.0,4.0,7.0,9.0,8.0,7.0,7.0,10.0,8.0,7.0,9.0,7.0,9.0,6.0,8.0,7.0,9.0,8.0,8.0,8.0,8.0,8.0,7.0,5.0,7.0,7.0,9.0,7.0,8.0,9.0,7.6,1.221
103,9.0,9.0,7.0,8.0,5.0,7.0,9.0,7.0,7.0,7.0,8.0,4.0,7.0,9.0,8.0,7.0,7.0,10.0,8.0,7.0,9.0,7.0,9.0,6.0,8.0,7.0,9.0,8.0,8.0,8.0,8.0,8.0,7.0,5.0,7.0,7.0,9.0,7.0,8.0,9.0,7.6,1.221
104,9.0,9.0,7.0,8.0,5.0,7.0,9.0,7.0,7.0,7.0,8.0,4.0,7.0,9.0,8.0,7.0,7.0,10.0,8.0,7.0,9.0,7.0,9.0,6.0,8.0,7.0,9.0,8.0,6.0,8.0,8.0,8.0,7.0,5.0,7.0,7.0,9.0,7.0,8.0,9.0,7.55,1.244
105,9.0,9.0,7.0,8.0,5.0,7.0,9.0,7.0,7.0,7.0,8.0,4.0,7.0,9.0,8.0,7.0,7.0,10.0,8.0,7.0,9.0,7.0,9.0,6.0,8.0,7.0,9.0,8.0,6.0,8.0,8.0,8.0,7.0,5.0,7.0,7.0,9.0,7.0,8.0,9.0,7.55,1.244
106,9.0,9.0,7.0,8.0,5.0,7.0,9.0,7.0,7.0,7.0,8.0,4.0,7.0,9.0,8.0,7.0,7.0,10.0,8.0,7.0,9.0,7.0,9.0,6.0,8.0,7.0,9.0,8.0,6.0,8.0,8.0,8.0,7.0,5.0,7.0,7.0,9.0,7.0,8.0,9.0,7.55,1.244
107,9.0,9.0,7.0,8.0,5.0,7.0,9.0,7.0,7.0,7.0,8.0,4.0,7.0,9.0,8.0,7.0,7.0,10.0,8.0,7.0,9.0,7.0,9.0,6.0,8.0,7.0,9.0,8.0,6.0,8.0,8.0,8.0,7.0,5.0,7.0,7.0,9.0,7.0,8.0,9.0,7.55,1.244
108,9.0,9.0,7.0,8.0,5.0,7.0,9.0,7.0,7.0,7.0,8.0,4.0,7.0,9.0,8.0,7.0,7.0,10.0,8.0,7.0,9.0,7.0,9.0,6.0,8.0,7.0,9.0,8.0,6.0,8.0,8.0,8.0,7.0,5.0,7.0,7.0,9.0,7.0,8.0,9.0,7.55,1.244
109,9.0,9.0,7.0,8.0,5.0,7.0,9.0,7.0,7.0,7.0,8.0,4.0,7.0,9.0,8.0,7.0,7.0,10.0,8.0,7.0,9.0,7.0,9.0,6.0,8.0,7.0,9.0,8.0,6.0,8.0,8.0,8.0,7.0,5.0,7.0,7.0,9.0,7.0,8.0,9.0,7.55,1.244
110,9.0,9.0,7.0,8.0,5.0,7.0,9.0,7.0,7.0,7.0,8.0,4.0,7.0,9.0,8.0,7.0,7.0,10.0,8.0,7.0,9.0,7.0,9.0,6.0,8.0,7.0,9.0,8.0,6.0,8.0,8.0,8.0,7.0,5.0,7.0,7.0,9.0,7.0,8.0,9.0,7.55,1.244
111,9.0,9.0,7.0,8.0,5.0,7.0,9.0,7.0,7.0,7.0,8.0,4.0,7.0,9.0,8.0,7.0,7.0,10.0,8.0,7.0,9.0,7.0,9.0,6.0,8.0,7.0,9.0,8.0,6.0,8.0,8.0,8.0,7.0,5.0,7.0,7.0,9.0,7.0,8.0,9.0,7.55,1.244
112,9.0,9.0,7.0,8.0,5.0,7.0,9.0,7.0,7.0,7.0,8.0,4.0,7.0,9.0,8.0,7.0,7.0,10.0,8.0,7.0,9.0,7.0,9.0,6.0,8.0,7.0,9.0,8.0,6.0,8.0,8.0,8.0,7.0,5.0,7.0,7.0,9.0,7.0,8.0,9.0,7.55,1.244
113,9.0,9.0,7.0,8.0,5.0,7.0,9.0,7.0,7.0,7.0,8.0,4.0,7.0,9.0,8.0,7.0,7.0,10.0,8.0,7.0,9.0,7.0,9.0,6.0,8.0,7.0,9.0,8.0,6.0,8.0,8.0,8.0,7.0,5.0,7.0,7.0,9.0,7.0,8.0,9.0,7.55,1.244
114,9.0,9.0,7.0,8.0,5.0,7.0,9.0,7.0,7.0,7.0,8.0,4.0,7.0,9.0,8.0,7.0,7.0,10.0,8.0,7.0,9.0,7.0,9.0,6.0,8.0,7.0,9.0,8.0,6.0,8.0,8.0,8.0,7.0,5.0,7.0,7.0,9.0,7.0,8.0,9.0,7.55,1.244
115,9.0,9.0,7.0,8.0,5.0,7.0,9.0,7.0,7.0,7.0,8.0,4.0,7.0,9.0,8.0,7.0,7.0,10.0,8.0,7.0,9.0,7.0,9.0,6.0,8.0,7.0,9.0,8.0,6.0,8.0,8.0,8.0,7.0,5.0,7.0,7.0,9.0,7.0,8.0,9.0,7.55,1.244
116,9.0,9.0,7.0,8.0,5.0,7.0,9.0,7.0,7.0,7.0,8.0,4.0,7.0,9.0,8.0,7.0,7.0,10.0,8.0,7.0,9.0,7.0,9.0,6.0,8.0,7.0,9.0,8.0,6.0,8.0,8.0,8.0,7.0,5.0,7.0,7.0,9.0,7.0,8.0,9.0,7.55,1.244
117,9.0,9.0,7.0,8.0,5.0,7.0,9.0,7.0,7.0,7.0,8.0,4.0,7.0,9.0,8.0,7.0,7.0,10.0,8.0,7.0,9.0,7.0,8.0,6.0,8.0,7.0,9.0,8.0,6.0,8.0,8.0,8.0,7.0,5.0,7.0,7.0,9.0,7.0,8.0,9.0,7.525,1.224
118,9.0,9.0,7.0,8.0,5.0,7.0,9.0,7.0,7.0,7.0,8.0,4.0,7.0,9.0,8.0,7.0,7.0,10.0,8.0,7.0,9.0,7.0,8.0,6.0,8.0,7.0,9.0,8.0,6.0,8.0,8.0,8.0,7.0,5.0,7.0,7.0,9.0,7.0,8.0,8.0,7.5,1.204
119,9.0,9.0,7.0,8.0,5.0,7.0,9.0,7.0,7.0,7.0,8.0,4.0,7.0,9.0,8.0,7.0,7.0,10.0,8.0,7.0,9.0,7.0,7.0,6.0,8.0,7.0,9.0,8.0,6.0,8.0,8.0,8.0,7.0,5.0,7.0,7.0,9.0,7.0,8.0,8.0,7.475,1.204
120,9.0,9.0,7.0,8.0,5.0,7.0,9.0,7.0,7.0,7.0,8.0,4.0,7.0,9.0,8.0,7.0,7.0,10.0,8.0,7.0,9.0,7.0,7.0,6.0,8.0,7.0,9.0,8.0,6.0,8.0,8.0,8.0,7.0,5.0,7.0,7.0,9.0,7.0,8.0,8.0,7.475,1.204
121,9.0,9.0,7.0,8.0,5.0,7.0,9.0,7.0,7.0,7.0,8.0,4.0,7.0,9.0,8.0,7.0,7.0,10.0,8.0,7.0,9.0,7.0,7.0,6.0,8.0,7.0,9.0,8.0,6.0,8.0,8.0,8.0,7.0,5.0,7.0,7.0,9.0,7.0,8.0,8.0,7.475,1.204
122,9.0,9.0,7.0,8.0,5.0,7.0,9.0,7.0,7.0,7.0,8.0,4.0,7.0,9.0,8.0,7.0,7.0,10.0,8.0,7.0,9.0,7.0,7.0,6.0,8.0,7.0,9.0,8.0,6.0,8.0,8.0,8.0,7.0,5.0,7.0,7.0,9.0,7.0,8.0,8.0,7.475,1.204
123,9.0,9.0,7.0,8.0,5.0,7.0,9.0,7.0,7.0,7.0,8.0,4.0,7.0,9.0,8.0,7.0,7.0,10.0,8.0,7.0,9.0,7.0,7.0,6.0,8.0,7.0,9.0,8.0,6.0,8.0,8.0,8.0,7.0,5.0,7.0,7.0,9.0,7.0,8.0,8.0,7.475,1.204
124,9.0,9.0,7.0,8.0,5.0,7.0,9.0,7.0,7.0,7.0,8.0,4.0,7.0,9.0,8.0,7.0,7.0,10.0,8.0,7.0,9.0,7.0,7.0,6.0,8.0,7.0,9.0,8.0,6.0,8.0,8.0,8.0,7.0,5.0,7.0,7.0,9.0,7.0,8.0,8.0,7.475,1.204
125,9.0,9.0,7.0,8.0,5.0,7.0,9.0,7.0,7.0,7.0,8.0,4.0,7.0,9.0,8.0,7.0,7.0,10.0,8.0,7.0,9.0,7.0,7.0,6.0,8.0,7.0,9.0,8.0,6.0,8.0,8.0,8.0,7.0,5.0,7.0,7.0,9.0,7.0,8.0,8.0,7.475,1.204
126,9.0,9.0,7.0,8.0,5.0,7.0,9.0,7.0,7.0,7.0,8.0,4.0,7.0,9.0,8.0,7.0,7.0,10.0,8.0,7.0,9.0,7.0,7.0,6.0,8.0,7.0,9.0,8.0,6.0,8.0,8.0,8.0,7.0,5.0,7.0,7.0,9.0,7.0,8.0,8.0,7.475,1.204
127,9.0,9.0,7.0,8.0,5.0,7.0,9.0,7.0,7.0,7.0,8.0,4.0,7.0,9.0,8.0,7.0,7.0,10.0,8.0,7.0,9.0,6.0,7.0,6.0,8.0,7.0,9.0,8.0,6.0,8.0,8.0,8.0,7.0,5.0,7.0,7.0,9.0,7.0,8.0,8.0,7.45,1.224
128,9.0,9.0,7.0,8.0,5.0,7.0,9.0,7.0,7.0,7.0,8.0,4.0,7.0,9.0,8.0,7.0,7.0,10.0,8.0,7.0,9.0,6.0,7.0,6.0,8.0,7.0,9.0,8.0,6.0,8.0,8.0,8.0,7.0,5.0,7.0,7.0,9.0,7.0,8.0,8.0,7.45,1.224
129,9.0,9.0,7.0,8.0,5.0,7.0,9.0,7.0,7.0,7.0,8.0,4.0,7.0,9.0,8.0,7.0,7.0,10.0,8.0,7.0,9.0,6.0,7.0,6.0,8.0,7.0,9.0,8.0,6.0,8.0,8.0,8.0,7.0,5.0,7.0,7.0,9.0,7.0,8.0,8.0,7.45,1.224
130,9.0,9.0,7.0,8.0,5.0,7.0,9.0,7.0,7.0,7.0,8.0,4.0,7.0,9.0,8.0,7.0,7.0,10.0,8.0,7.0,9.0,6.0,7.0,6.0,8.0,7.0,9.0,8.0,6.0,8.0,8.0,8.0,7.0,5.0,7.0,7.0,9.0,7.0,8.0,8.0,7.45,1.224
131,9.0,9.0,7.0,8.0,5.0,7.0,9.0,6.0,7.0,7.0,8.0,4.0,7.0,9.0,8.0,7.0,7.0,10.0,8.0,7.0,9.0,6.0,7.0,6.0,8.0,7.0,9.0,8.0,6.0,8.0,8.0,8.0,7.0,5.0,7.0,7.0,9.0,7.0,8.0,8.0,7.425,1.243
132,9.0,9.0,7.0,8.0,5.0,7.0,9.0,6.0,7.0,7.0,8.0,4.0,7.0,9.0,8.0,7.0,7.0,10.0,8.0,7.0,9.0,6.0,7.0,6.0,8.0,7.0,9.0,8.0,6.0,8.0,8.0,8.0,7.0,5.0,7.0,7.0,9.0,7.0,8.0,8.0,7.425,1.243
133,9.0,9.0,7.0,8.0,5.0,7.0,9.0,6.0,7.0,7.0,8.0,4.0,7.0,9.0,8.0,7.0,7.0,10.0,8.0,7.0,9.0,6.0,7.0,6.0,8.0,7.0,9.0,8.0,6.0,8.0,8.0,8.0,7.0,5.0,7.0,7.0,9.0,7.0,8.0,8.0,7.425,1.243
134,9.0,9.0,7.0,8.0,5.0,7.0,9.0,6.0,7.0,7.0,8.0,4.0,7.0,9.0,8.0,7.0,7.0,10.0,8.0,7.0,9.0,6.0,7.0,6.0,8.0,7.0,9.0,8.0,6.0,8.0,8.0,8.0,7.0,5.0,7.0,7.0,9.0,7.0,8.0,8.0,7.425,1.243
135,9.0,9.0,7.0,8.0,5.0,7.0,9.0,6.0,7.0,7.0,8.0,4.0,7.0,9.0,8.0,7.0,7.0,10.0,8.0,7.0,9.0,6.0,7.0,6.0,8.0,7.0,9.0,8.0,6.0,8.0,8.0,8.0,7.0,5.0,7.0,7.0,9.0,7.0,8.0,8.0,7.425,1.243
136,9.0,9.0,7.0,8.0,5.0,7.0,9.0,6.0,7.0,7.0,8.0,4.0,7.0,9.0,8.0,7.0,7.0,10.0,8.0,7.0,9.0,6.0,7.0,6.0,8.0,7.0,9.0,8.0,6.0,8.0,8.0,8.0,7.0,5.0,7.0,7.0,9.0,7.0,8.0,8.0,7.425,1.243
137,9.0,9.0,7.0,8.0,5.0,7.0,9.0,6.0,7.0,7.0,8.0,4.0,7.0,9.0,8.0,7.0,7.0,10.0,8.0,7.0,9.0,6.0,7.0,6.0,8.0,7.0,9.0,8.0,6.0,8.0,8.0,8.0,7.0,5.0,7.0,7.0,9.0,7.0,8.0,8.0,7.425,1.243
138,9.0,9.0,7.0,8.0,5.0,7.0,9.0,6.0,7.0,7.0,8.0,4.0,7.0,9.0,8.0,7.0,7.0,10.0,8.0,7.0,9.0,6.0,7.0,6.0,8.0,7.0,9.0,8.0,6.0,8.0,8.0,8.0,7.0,5.0,7.0,7.0,9.0,7.0,8.0,8.0,7.425,1.243
139,9.0,9.0,7.0,8.0,5.0,7.0,9.0,6.0,7.0,7.0,8.0,4.0,7.0,9.0,8.0,7.0,7.0,10.0,8.0,7.0,9.0,6.0,7.0,6.0,8.0,7.0,9.0,8.0,6.0,8.0,8.0,8.0,7.0,5.0,7.0,7.0,9.0,7.0,8.0,8.0,7.425,1.243
140,9.0,9.0,7.0,8.0,5.0,7.0,9.0,6.0,7.0,7.0,8.0,4.0,7.0,9.0,8.0,7.0,7.0,10.0,8.0,7.0,9.0,6.0,7.0,6.0,8.0,7.0,9.0,8.0,6.0,8.0,8.0,8.0,7.0,5.0,7.0,7.0,9.0,7.0,8.0,8.0,7.425,1.243
141,9.0,9.0,7.0,8.0,5.0,7.0,9.0,6.0,7.0,7.0,8.0,4.0,7.0,9.0,8.0,7.0,7.0,10.0,8.0,7.0,9.0,6.0,7.0,6.0,8.0,7.0,9.0,8.0,6.0,8.0,8.0,8.0,7.0,5.0,7.0,7.0,9.0,7.0,8.0,8.0,7.425,1.243
142,9.0,9.0,7.0,8.0,5.0,7.0,9.0,6.0,7.0,7.0,8.0,4.0,7.0,9.0,8.0,7.0,7.0,10.0,8.0,7.0,9.0,6.0,7.0,6.0,8.0,7.0,9.0,8.0,6.0,8.0,8.0,8.0,7.0,5.0,7.0,7.0,9.0,7.0,8.0,8.0,7.425,1.243
143,9.0,9.0,7.0,8.0,5.0,7.0,9.0,6.0,7.0,7.0,8.0,4.0,7.0,9.0,8.0,7.0,7.0,10.0,8.0,7.0,9.0,6.0,7.0,6.0,8.0,7.0,9.0,8.0,6.0,8.0,8.0,8.0,7.0,5.0,7.0,7.0,9.0,7.0,8.0,8.0,7.425,1.243
144,9.0,9.0,7.0,8.0,5.0,7.0,9.0,6.0,7.0,7.0,8.0,4.0,7.0,9.0,8.0,7.0,7.0,10.0,8.0,7.0,9.0,6.0,7.0,6.0,8.0,7.0,9.0,8.0,6.0,8.0,8.0,8.0,7.0,5.0,7.0,7.0,9.0,7.0,8.0,8.0,7.425,1.243
145,9.0,9.0,7.0,8.0,5.0,7.0,9.0,6.0,7.0,7.0,8.0,4.0,7.0,9.0,8.0,7.0,7.0,10.0,8.0,7.0,9.0,6.0,7.0,6.0,8.0,7.0,9.0,8.0,6.0,8.0,8.0,8.0,7.0,5.0,7.0,7.0,9.0,7.0,8.0,8.0,7.425,1.243
146,9.0,9.0,7.0,8.0,5.0,7.0,9.0,6.0,7.0,7.0,8.0,4.0,7.0,9.0,8.0,7.0,7.0,10.0,8.0,7.0,9.0,6.0,7.0,6.0,8.0,7.0,9.0,8.0,6.0,8.0,8.0,8.0,7.0,5.0,7.0,7.0,9.0,7.0,8.0,8.0,7.425,1.243
147,9.0,9.0,7.0,8.0,5.0,7.0,9.0,6.0,7.0,6.0,8.0,4.0,7.0,9.0,8.0,7.0,7.0,10.0,8.0,7.0,9.0,6.0,7.0,6.0,8.0,7.0,9.0,8.0,6.0,8.0,8.0,8.0,7.0,5.0,7.0,7.0,9.0,7.0,8.0,8.0,7.4,1.261
148,9.0,9.0,7.0,8.0,5.0,7.0,9.0,6.0,7.0,6.0,8.0,4.0,7.0,9.0,8.0,7.0,7.0,10.0,8.0,7.0,9.0,6.0,7.0,6.0,8.0,7.0,9.0,8.0,6.0,8.0,8.0,8.0,7.0,5.0,7.0,7.0,9.0,7.0,8.0,8.0,7.4,1.261
149,9.0,9.0,7.0,8.0,5.0,7.0,9.0,6.0,7.0,5.0,8.0,4.0,7.0,9.0,8.0,7.0,7.0,10.0,8.0,7.0,9.0,6.0,7.0,6.0,8.0,7.0,9.0,8.0,6.0,8.0,8.0,8.0,7.0,5.0,7.0,7.0,9.0,7.0,8.0,8.0,7.375,1.298
150,9.0,9.0,7.0,8.0,5.0,7.0,9.0,6.0,7.0,5.0,8.0,4.0,7.0,9.0,8.0,7.0,7.0,10.0,8.0,7.0,9.0,6.0,7.0,6.0,8.0,7.0,9.0,8.0,6.0,8.0,8.0,8.0,7.0,5.0,7.0,7.0,9.0,7.0,8.0,8.0,7.375,1.298
151,9.0,9.0,7.0,8.0,5.0,7.0,9.0,6.0,7.0,5.0,8.0,4.0,7.0,9.0,8.0,7.0,7.0,10.0,8.0,7.0,9.0,6.0,7.0,6.0,8.0,7.0,9.0,8.0,6.0,8.0,8.0,8.0,7.0,5.0,7.0,7.0,9.0,7.0,8.0,8.0,7.375,1.298
152,9.0,9.0,7.0,8.0,5.0,7.0,9.0,6.0,7.0,5.0,8.0,4.0,7.0,9.0,8.0,7.0,7.0,10.0,8.0,7.0,9.0,6.0,7.0,6.0,8.0,7.0,9.0,8.0,6.0,8.0,8.0,8.0,7.0,5.0,7.0,7.0,9.0,7.0,8.0,8.0,7.375,1.298
153,9.0,9.0,7.0,8.0,5.0,7.0,9.0,6.0,7.0,5.0,8.0,4.0,7.0,9.0,8.0,7.0,7.0,10.0,8.0,7.0,9.0,6.0,7.0,6.0,8.0,7.0,9.0,8.0,6.0,8.0,8.0,8.0,7.0,5.0,7.0,7.0,9.0,7.0,8.0,8.0,7.375,1.298
154,9.0,9.0,7.0,8.0,5.0,7.0,9.0,6.0,7.0,5.0,8.0,4.0,7.0,9.0,8.0,7.0,7.0,10.0,8.0,7.0,9.0,6.0,7.0,6.0,8.0,7.0,9.0,8.0,6.0,8.0,8.0,8.0,7.0,5.0,7.0,7.0,9.0,7.0,8.0,8.0,7.375,1.298
155,9.0,9.0,7.0,8.0,5.0,7.0,9.0,6.0,7.0,5.0,8.0,4.0,7.0,9.0,8.0,7.0,7.0,10.0,8.0,7.0,9.0,6.0,7.0,6.0,8.0,7.0,9.0,8.0,6.0,8.0,8.0,8.0,7.0,5.0,7.0,7.0,9.0,7.0,8.0,8.0,7.375,1.298
156,9.0,9.0,7.0,8.0,5.0,7.0,9.0,6.0,7.0,5.0,8.0,4.0,7.0,9.0,8.0,7.0,7.0,10.0,8.0,7.0,9.0,6.0,7.0,6.0,8.0,7.0,9.0,8.0,6.0,8.0,8.0,8.0,7.0,5.0,7.0,7.0,9.0,7.0,8.0,8.0,7.375,1.298
157,9.0,9.0,7.0,8.0,5.0,7.0,9.0,6.0,7.0,5.0,8.0,4.0,7.0,9.0,8.0,7.0,7.0,10.0,8.0,7.0,9.0,6.0,7.0,6.0,8.0,7.0,9.0,8.0,6.0,8.0,8.0,8.0,7.0,5.0,7.0,7.0,9.0,7.0,8.0,8.0,7.375,1.298
158,9.0,9.0,7.0,8.0,5.0,7.0,9.0,6.0,7.0,5.0,8.0,4.0,7.0,9.0,8.0,7.0,7.0,10.0,8.0,7.0,9.0,6.0,7.0,6.0,8.0,7.0,9.0,8.0,6.0,8.0,8.0,8.0,7.0,5.0,7.0,7.0,9.0,7.0,8.0,8.0,7.375,1.298
159,9.0,9.0,7.0,8.0,5.0,7.0,9.0,6.0,7.0,5.0,8.0,4.0,7.0,9.0,8.0,7.0,7.0,10.0,8.0,7.0,9.0,6.0,7.0,6.0,8.0,7.0,9.0,8.0,6.0,8.0,8.0,8.0,7.0,5.0,7.0,7.0,9.0,7.0,8.0,8.0,7.375,1.298
160,9.0,9.0,7.0,8.0,5.0,7.0,9.0,6.0,7.0,5.0,8.0,4.0,7.0,9.0,8.0,7.0,7.0,10.0,8.0,7.0,9.0,6.0,7.0,6.0,8.0,7.0,9.0,8.0,6.0,8.0,8.0,8.0,7.0,5.0,7.0,7.0,9.0,7.0,8.0,8.0,7.375,1.298
161,9.0,9.0,7.0,8.0,5.0,7.0,9.0,6.0,7.0,5.0,8.0,4.0,7.0,9.0,8.0,7.0,7.0,10.0,8.0,7.0,9.0,6.0,7.0,6.0,8.0,7.0,9.0,8.0,6.0,8.0,8.0,8.0,7.0,5.0,7.0,7.0,9.0,7.0,8.0,8.0,7.375,1.298
162,9.0,9.0,7.0,8.0,5.0,7.0,9.0,6.0,7.0,5.0,8.0,4.0,7.0,9.0,8.0,7.0,7.0,10.0,8.0,7.0,9.0,6.0,7.0,6.0,8.0,7.0,9.0,8.0,6.0,8.0,8.0,8.0,7.0,5.0,7.0,7.0,9.0,7.0,8.0,8.0,7.375,1.298
163,9.0,9.0,7.0,8.0,5.0,7.0,9.0,6.0,7.0,5.0,8.0,4.0,7.0,9.0,8.0,7.0,7.0,10.0,8.0,7.0,9.0,6.0,7.0,6.0,8.0,7.0,9.0,8.0,6.0,8.0,8.0,8.0,7.0,5.0,7.0,7.0,9.0,7.0,8.0,8.0,7.375,1.298
164,9.0,9.0,7.0,8.0,5.0,7.0,9.0,6.0,7.0,5.0,8.0,4.0,7.0,9.0,8.0,7.0,7.0,10.0,8.0,7.0,9.0,6.0,7.0,6.0,8.0,7.0,9.0,8.0,6.0,8.0,8.0,8.0,7.0,5.0,7.0,7.0,9.0,7.0,8.0,8.0,7.375,1.298
165,9.0,9.0,7.0,8.0,5.0,7.0,9.0,6.0,7.0,5.0,8.0,4.0,7.0,9.0,8.0,7.0,7.0,10.0,8.0,7.0,9.0,6.0,7.0,6.0,8.0,7.0,9.0,8.0,6.0,8.0,8.0,8.0,7.0,5.0,7.0,7.0,9.0,7.0,8.0,8.0,7.375,1.298
166,9.0,9.0,7.0,8.0,5.0,7.0,9.0,6.0,7.0,5.0,8.0,4.0,7.0,9.0,8.0,7.0,7.0,10.0,8.0,7.0,9.0,6.0,7.0,6.0,8.0,7.0,9.0,8.0,6.0,8.0,8.0,8.0,7.0,5.0,7.0,7.0,9.0,7.0,8.0,8.0,7.375,1.298
167,9.0,9.0,7.0,8.0,5.0,7.0,9.0,6.0,7.0,5.0,8.0,4.0,7.0,9.0,8.0,7.0,7.0,10.0,8.0,7.0,9.0,6.0,7.0,6.0,8.0,7.0,9.0,8.0,6.0,8.0,8.0,8.0,7.0,5.0,7.0,7.0,9.0,7.0,8.0,8.0,7.375,1.298
168,9.0,9.0,7.0,8.0,5.0,7.0,9.0,6.0,7.0,5.0,8.0,4.0,7.0,9.0,8.0,7.0,7.0,10.0,8.0,7.0,9.0,6.0,7.0,6.0,8.0,7.0,9.0,8.0,6.0,8.0,8.0,8.0,7.0,5.0,7.0,7.0,9.0,7.0,8.0,8.0,7.375,1.298
169,9.0,9.0,7.0,8.0,5.0,7.0,9.0,6.0,7.0,5.0,8.0,4.0,7.0,9.0,8.0,7.0,7.0,10.0,8.0,7.0,9.0,6.0,7.0,6.0,8.0,7.0,9.0,8.0,6.0,8.0,8.0,8.0,7.0,5.0,7.0,7.0,9.0,7.0,8.0,8.0,7.375,1.298
170,9.0,9.0,7.0,8.0,5.0,7.0,9.0,6.0,7.0,5.0,8.0,4.0,7.0,9.0,8.0,7.0,7.0,10.0,8.0,7.0,9.0,6.0,7.0,6.0,8.0,7.0,9.0,8.0,6.0,8.0,8.0,8.0,7.0,5.0,7.0,7.0,9.0,7.0,8.0,8.0,7.375,1.298
171,9.0,9.0,7.0,8.0,5.0,7.0,9.0,6.0,7.0,5.0,8.0,4.0,7.0,9.0,8.0,7.0,7.0,10.0,8.0,7.0,9.0,6.0,7.0,6.0,8.0,7.0,9.0,8.0,6.0,8.0,8.0,8.0,7.0,5.0,7.0,7.0,9.0,7.0,8.0,8.0,7.375,1.298
172,9.0,9.0,7.0,8.0,5.0,7.0,9.0,6.0,7.0,5.0,8.0,4.0,7.0,9.0,8.0,7.0,7.0,10.0,8.0,7.0,9.0,6.0,7.0,6.0,8.0,7.0,9.0,8.0,6.0,8.0,8.0,8.0,7.0,5.0,7.0,7.0,9.0,7.0,8.0,8.0,7.375,1.298
173,9.0,9.0,7.0,8.0,5.0,7.0,9.0,6.0,7.0,5.0,8.0,4.0,7.0,9.0,8.0,7.0,7.0,10.0,8.0,7.0,9.0,6.0,7.0,6.0,8.0,7.0,9.0,8.0,6.0,8.0,8.0,8.0,7.0,5.0,7.0,7.0,9.0,7.0,8.0,8.0,7.375,1.298
174,9.0,9.0,7.0,8.0,5.0,7.0,9.0,6.0,7.0,5.0,8.0,4.0,7.0,9.0,8.0,7.0,7.0,10.0,8.0,7.0,9.0,6.0,7.0,6.0,8.0,7.0,9.0,8.0,6.0,8.0,8.0,8.0,7.0,5.0,7.0,7.0,9.0,7.0,8.0,8.0,7.375,1.298
175,9.0,9.0,7.0,8.0,5.0,7.0,9.0,6.0,7.0,5.0,8.0,4.0,7.0,9.0,8.0,7.0,7.0,10.0,8.0,7.0,9.0,6.0,7.0,6.0,8.0,7.0,9.0,8.0,6.0,8.0,8.0,8.0,7.0,5.0,7.0,7.0,9.0,7.0,8.0,8.0,7.375,1.298
176,9.0,9.0,7.0,8.0,5.0,7.0,9.0,6.0,7.0,5.0,8.0,4.0,7.0,9.0,8.0,7.0,7.0,10.0,8.0,7.0,9.0,6.0,7.0,6.0,8.0,7.0,9.0,8.0,6.0,8.0,8.0,8.0,7.0,5.0,7.0,7.0,9.0,7.0,8.0,8.0,7.375,1.298
177,9.0,9.0,7.0,8.0,5.0,7.0,9.0,6.0,7.0,5.0,8.0,4.0,7.0,9.0,8.0,7.0,7.0,10.0,8.0,7.0,9.0,6.0,7.0,6.0,8.0,7.0,9.0,8.0,6.0,8.0,8.0,8.0,7.0,5.0,7.0,7.0,9.0,7.0,8.0,8.0,7.375,1.298
178,9.0,9.0,7.0,8.0,5.0,7.0,9.0,6.0,7.0,5.0,8.0,4.0,7.0,9.0,8.0,7.0,7.0,10.0,8.0,7.0,9.0,6.0,7.0,6.0,8.0,7.0,9.0,8.0,6.0,8.0,8.0,8.0,7.0,5.0,7.0,7.0,9.0,7.0,8.0,8.0,7.375,1.298
179,9.0,9.0,7.0,8.0,5.0,7.0,9.0,6.0,7.0,5.0,8.0,4.0,7.0,9.0,8.0,7.0,7.0,10.0,8.0,7.0,9.0,6.0,7.0,6.0,8.0,7.0,9.0,8.0,6.0,8.0,8.0,8.0,7.0,5.0,7.0,7.0,9.0,7.0,8.0,8.0,7.375,1.298
180,9.0,9.0,7.0,8.0,5.0,7.0,9.0,6.0,7.0,5.0,8.0,4.0,7.0,9.0,8.0,7.0,7.0,10.0,8.0,7.0,9.0,6.0,7.0,6.0,8.0,7.0,9.0,8.0,6.0,8.0,8.0,8.0,7.0,5.0,7.0,7.0,9.0,7.0,8.0,8.0,7.375,1.298
181,9.0,9.0,7.0,8.0,5.0,7.0,9.0,6.0,7.0,5.0,8.0,4.0,7.0,9.0,8.0,7.0,7.0,10.0,8.0,7.0,9.0,6.0,7.0,6.0,8.0,7.0,9.0,8.0,6.0,8.0,8.0,8.0,7.0,5.0,7.0,7.0,9.0,7.0,8.0,8.0,7.375,1.298
182,9.0,9.0,7.0,8.0,5.0,7.0,9.0,6.0,7.0,5.0,8.0,4.0,7.0,9.0,8.0,7.0,7.0,10.0,8.0,7.0,9.0,6.0,7.0,6.0,8.0,7.0,9.0,8.0,6.0,8.0,8.0,8.0,7.0,5.0,7.0,7.0,9.0,7.0,8.0,8.0,7.375,1.298
183,9.0,9.0,7.0,8.0,5.0,7.0,9.0,6.0,7.0,5.0,8.0,4.0,7.0,9.0,8.0,7.0,7.0,10.0,8.0,7.0,9.0,6.0,7.0,6.0,8.0,7.0,9.0,8.0,6.0,8.0,8.0,8.0,7.0,5.0,7.0,7.0,9.0,7.0,8.0,8.0,7.375,1.298
184,9.0,9.0,7.0,8.0,5.0,7.0,9.0,6.0,7.0,5.0,8.0,4.0,7.0,9.0,8.0,7.0,7.0,10.0,8.0,7.0,9.0,6.0,7.0,6.0,8.0,7.0,9.0,8.0,6.0,8.0,8.0,8.0,7.0,5.0,7.0,7.0,9.0,7.0,8.0,8.0,7.375,1.298
185,9.0,9.0,7.0,8.0,5.0,7.0,9.0,6.0,7.0,5.0,8.0,4.0,7.0,9.0,8.0,7.0,7.0,10.0,8.0,7.0,9.0,6.0,7.0,6.0,8.0,7.0,9.0,8.0,6.0,8.0,8.0,8.0,7.0,5.0,7.0,7.0,9.0,7.0,8.0,8.0,7.375,1.298
186,9.0,9.0,7.0,8.0,5.0,7.0,9.0,6.0,7.0,5.0,8.0,4.0,7.0,9.0,8.0,7.0,7.0,10.0,8.0,7.0,9.0,6.0,7.0,6.0,8.0,7.0,9.0,8.0,6.0,8.0,8.0,8.0,7.0,5.0,7.0,7.0,9.0,7.0,8.0,8.0,7.375,1.298
187,9.0,9.0,7.0,8.0,5.0,7.0,9.0,6.0,7.0,5.0,8.0,4.0,7.0,9.0,8.0,7.0,7.0,10.0,8.0,7.0,9.0,6.0,7.0,6.0,8.0,7.0,9.0,8.0,6.0,8.0,8.0,8.0,7.0,5.0,7.0,7.0,9.0,7.0,8.0,8.0,7.375,1.298
188,9.0,9.0,7.0,8.0,5.0,7.0,9.0,6.0,7.0,5.0,8.0,4.0,7.0,9.0,8.0,7.0,7.0,10.0,8.0,7.0,9.0,6.0,7.0,6.0,8.0,7.0,9.0,8.0,6.0,8.0,8.0,8.0,7.0,5.0,7.0,7.0,9.0,7.0,8.0,8.0,7.375,1.298
189,9.0,9.0,7.0,8.0,5.0,7.0,9.0,6.0,7.0,5.0,8.0,4.0,7.0,9.0,8.0,7.0,7.0,10.0,8.0,7.0,9.0,6.0,7.0,6.0,8.0,7.0,9.0,8.0,6.0,8.0,8.0,8.0,7.0,5.0,7.0,7.0,9.0,7.0,8.0,8.0,7.375,1.298
190,9.0,9.0,7.0,8.0,5.0,7.0,9.0,6.0,7.0,5.0,8.0,4.0,7.0,9.0,8.0,7.0,7.0,10.0,8.0,7.0,9.0,6.0,7.0,6.0,8.0,7.0,9.0,8.0,6.0,8.0,8.0,8.0,7.0,5.0,7.0,7.0,9.0,7.0,8.0,8.0,7.375,1.298
191,9.0,9.0,7.0,8.0,5.0,7.0,9.0,6.0,7.0,5.0,8.0,4.0,7.0,9.0,8.0,7.0,7.0,10.0,8.0,7.0,9.0,6.0,7.0,6.0,8.0,7.0,9.0,8.0,6.0,8.0,8.0,8.0,7.0,5.0,7.0,7.0,9.0,7.0,8.0,8.0,7.375,1.298
192,9.0,9.0,7.0,8.0,5.0,7.0,9.0,6.0,7.0,5.0,8.0,4.0,7.0,9.0,8.0,7.0,7.0,10.0,8.0,7.0,9.0,6.0,7.0,6.0,8.0,7.0,9.0,8.0,6.0,8.0,8.0,8.0,7.0,5.0,7.0,7.0,9.0,7.0,8.0,8.0,7.375,1.298
193,9.0,9.0,7.0,8.0,5.0,7.0,9.0,6.0,7.0,5.0,8.0,4.0,7.0,9.0,8.0,7.0,7.0,10.0,8.0,7.0,9.0,6.0,7.0,6.0,8.0,7.0,9.0,8.0,6.0,8.0,8.0,8.0,7.0,5.0,7.0,7.0,9.0,7.0,8.0,8.0,7.375,1.298
194,9.0,9.0,7.0,8.0,5.0,7.0,9.0,6.0,7.0,5.0,8.0,4.0,7.0,9.0,8.0,7.0,7.0,10.0,8.0,7.0,9.0,6.0,7.0,6.0,8.0,7.0,9.0,8.0,6.0,8.0,8.0,8.0,7.0,5.0,7.0,7.0,9.0,7.0,8.0,8.0,7.375,1.298
195,9.0,9.0,7.0,8.0,5.0,7.0,9.0,6.0,7.0,5.0,8.0,4.0,7.0,9.0,8.0,7.0,7.0,10.0,8.0,7.0,9.0,6.0,7.0,6.0,8.0,7.0,9.0,8.0,6.0,8.0,8.0,8.0,7.0,5.0,7.0,7.0,9.0,7.0,8.0,8.0,7.375,1.298
196,9.0,9.0,7.0,8.0,5.0,7.0,9.0,6.0,7.0,5.0,8.0,4.0,7.0,9.0,8.0,7.0,7.0,10.0,8.0,7.0,9.0,6.0,7.0,6.0,8.0,7.0,9.0,8.0,6.0,8.0,8.0,8.0,7.0,5.0,7.0,7.0,9.0,7.0,8.0,8.0,7.375,1.298
197,9.0,9.0,7.0,8.0,5.0,7.0,9.0,6.0,7.0,5.0,8.0,4.0,7.0,9.0,8.0,7.0,7.0,10.0,8.0,7.0,9.0,6.0,7.0,6.0,8.0,7.0,9.0,8.0,6.0,8.0,8.0,8.0,7.0,5.0,7.0,7.0,9.0,7.0,8.0,8.0,7.375,1.298
198,9.0,9.0,7.0,8.0,5.0,7.0,9.0,6.0,7.0,5.0,8.0,4.0,7.0,9.0,8.0,7.0,7.0,10.0,8.0,7.0,9.0,6.0,7.0,6.0,8.0,7.0,9.0,8.0,6.0,8.0,8.0,8.0,7.0,5.0,7.0,7.0,9.0,7.0,8.0,8.0,7.375,1.298
199,9.0,9.0,7.0,8.0,5.0,7.0,9.0,6.0,7.0,5.0,8.0,4.0,7.0,9.0,8.0,7.0,7.0,10.0,8.0,7.0,9.0,6.0,7.0,6.0,8.0,7.0,9.0,8.0,6.0,8.0,8.0,7.0,7.0,5.0,7.0,7.0,9.0,7.0,8.0,8.0,7.35,1.295
